gender,phone.number
male,785-750-5989
female,472-232-3813
male,360-790-6573
male,505-644-0445
female,715-800-7329
female,678-386-6551
female,872-382-4034
male,984-477-1084
male,989-999-3435
female,951-946-6734
female,781-423-8099
male,945-298-6078
female,472-253-4178
male,472-219-4397
female,472-218-0458
male,984-211-5323
male,847-661-0977
male,985-221-2139
male,872-459-0041
male,657-229-3900
male,980-249-6769
male,984-948-4499
female,980-934-6689
female,472-237-5996
male,985-642-0010
male,472-202-8862
female,660-791-8714
male,472-267-4338
female,978-660-3382
female,985-978-2910
male,972-820-9991
male,472-239-6776
male,680-690-2605
female,862-595-8547
male,757-857-5505
male,472-296-4145
male,678-733-1410
female,858-815-0838
male,954-341-1499
female,872-862-1004
female,346-622-8177
male,872-228-6058
female,472-219-2640
female,724-744-3652
female,472-279-5741
female,472-294-8486
female,472-201-3394
male,984-555-0629
female,860-403-9850
female,472-256-6893
male,985-901-2690
female,870-241-1407
female,484-912-3312
female,872-203-6559
male,743-893-2815
male,689-269-9379
male,956-303-0048
female,943-961-4337
female,870-515-4852
male,682-643-9440
male,786-565-7862
female,972-361-1592
male,472-298-5674
male,850-743-8992
male,878-930-6725
male,472-294-0369
male,863-250-7798
female,863-336-9077
female,862-773-9173
female,973-220-4626
female,978-943-9360
male,979-215-7051
female,713-907-3258
male,943-641-0825
female,478-415-3881
female,472-213-5667
male,747-314-3475
female,980-471-4658
male,850-981-8365
male,872-406-9820
female,774-302-3045
female,472-205-8182
female,872-823-4220
female,681-678-5441
female,472-226-8599
male,781-357-7421
male,984-469-4324
male,840-520-8072
male,978-455-8521
female,832-578-0354
male,472-204-9925
male,472-248-3972
male,472-261-2620
male,737-944-2704
female,985-780-1740
male,989-690-1182
female,985-250-1345
female,848-640-8204
male,936-428-0789
male,984-297-3246
female,571-274-2465
male,472-221-4830
female,978-654-5008
male,472-228-2085
male,472-216-4608
male,562-415-9289
female,870-207-4968
male,973-245-5166
female,472-280-0055
female,472-214-6997
female,472-208-3654
male,979-398-1714
female,472-281-4862
female,781-800-9707
female,934-526-6957
female,785-546-6717
male,945-940-4281
male,762-610-0401
female,971-677-4965
male,986-337-4389
male,505-696-6309
male,972-647-8940
male,930-669-0665
male,472-216-1966
male,980-689-0084
female,472-240-6557
male,870-504-0362
female,848-434-6313
male,860-518-4984
male,985-895-4344
male,979-293-6350
male,472-213-1384
female,980-357-4122
male,860-492-2231
female,951-313-7786
female,986-741-5739
female,984-425-1351
male,986-626-2781
female,870-906-2957
male,979-938-8919
female,956-511-3458
female,989-696-5263
female,472-296-3210
male,989-656-4120
male,970-584-6726
female,870-589-7961
male,505-651-8662
male,989-820-3759
male,505-251-5053
male,785-985-4135
male,786-647-4729
female,984-864-0848
male,472-286-8048
female,979-565-8326
male,979-813-0581
female,872-519-0296
female,870-294-6492
female,870-295-3953
male,754-853-6514
female,984-479-6522
male,984-482-4188
male,986-416-8419
male,938-910-3653
female,472-286-2910
male,978-539-2913
male,689-242-2422
male,682-273-7817
male,986-375-3047
female,472-258-1958
female,985-815-0204
female,862-621-3519
male,580-698-2090
female,878-368-9648
female,986-957-1856
male,972-832-2636
male,971-802-2768
male,858-809-2904
male,872-208-1239
male,952-441-2829
male,826-469-6202
female,872-963-3859
male,472-285-1940
male,680-743-7455
female,680-875-6818
female,985-711-7805
female,980-230-6187
female,870-831-7473
male,472-213-2205
male,864-328-6024
female,863-208-7303
male,985-919-7593
female,785-320-5594
male,472-238-8735
female,860-894-6663
male,786-308-2559
male,689-311-2967
female,775-913-3317
male,472-223-2173
male,472-299-2467
female,781-725-8980
male,559-794-3868
male,464-307-4401
female,984-591-0259
female,505-627-3939
male,472-277-7859
female,385-267-5114
male,240-375-7829
female,941-341-2477
female,870-520-4276
female,850-856-8443
male,971-764-5314
male,878-602-9889
male,986-384-7610
female,472-231-9643
female,985-233-9829
female,472-262-8289
male,505-644-7332
male,956-523-4855
female,472-215-7619
male,862-651-0302
female,786-270-8060
male,472-263-5954
male,978-348-2096
female,978-727-8561
female,785-307-0235
male,985-479-0214
male,948-529-6033
male,984-527-1853
male,472-296-7829
female,870-353-0824
female,480-775-8595
male,505-695-3321
male,472-275-0131
female,472-200-5594
female,971-279-5492
female,472-226-8879
female,472-281-9362
male,472-209-2986
male,472-224-0046
male,971-459-7376
female,872-396-0796
male,978-479-9845
male,585-302-8725
female,470-710-1061
male,978-644-3365
female,986-797-4494
male,828-756-8993
male,872-446-8474
female,734-485-3620
female,872-284-2547
male,580-392-5964
male,472-240-6074
male,872-251-9974
female,984-571-1724
male,980-330-9078
female,985-259-3183
male,878-244-5211
male,859-246-5303
female,986-696-1698
male,986-618-8230
female,986-858-6165
male,943-367-9602
male,986-508-9679
female,270-738-0969
female,970-569-6857
male,760-532-9700
male,973-901-4436
male,872-253-8183
female,472-232-2066
female,781-447-6178
male,872-701-6187
male,680-616-9432
female,472-299-6692
female,940-286-3793
female,986-310-8104
male,949-488-6901
female,985-984-3122
male,984-650-5216
female,989-785-9571
male,986-377-2403
female,878-762-7010
female,779-655-4347
female,870-277-0129
male,505-677-9379
male,689-374-2221
male,878-713-0431
male,484-628-1539
male,472-230-8846
female,472-201-4727
male,582-465-7425
female,980-817-4732
female,970-866-6564
female,985-713-9990
female,954-377-3420
male,954-331-3558
male,831-946-4258
male,772-232-1015
male,954-879-2098
male,505-600-7468
female,978-856-0282
female,862-610-7050
female,971-205-3412
female,872-362-1004
female,680-330-4195
male,479-606-4904
female,585-833-0244
female,989-304-5070
male,931-848-1603
male,959-598-7658
female,980-549-3105
male,785-913-5304
female,870-840-3632
female,681-960-6630
male,985-801-5606
female,472-258-0109
female,984-618-5105
female,872-858-8985
female,980-751-4496
male,835-458-8159
female,984-307-4022
female,472-247-8452
female,828-774-3432
male,472-273-4458
female,914-939-9707
male,786-473-2023
male,863-618-3202
female,472-232-7450
female,985-565-1663
male,986-701-2432
female,934-929-1833
male,956-226-1232
male,845-393-0871
female,985-217-9038
male,985-959-2268
male,870-283-3963
male,567-505-4967
female,472-249-9267
male,281-440-0438
female,948-243-7650
female,781-417-1731
female,936-200-0151
female,472-243-2975
male,986-751-5017
male,541-827-8093
male,734-773-9163
female,472-234-0601
male,956-296-1586
female,989-663-9790
female,989-319-1577
female,775-692-6035
male,954-487-4145
female,472-265-9916
female,980-466-7383
male,908-664-5250
male,472-273-4623
male,956-373-3815
male,916-632-5694
male,505-357-6931
female,380-522-8619
male,985-703-8739
male,472-215-5545
female,472-216-8999
female,850-819-7058
male,564-764-3086
male,947-868-1505
female,870-755-9218
female,972-555-2824
male,870-674-8190
female,472-262-6908
female,472-282-3740
female,878-903-3210
female,872-853-7547
male,928-674-4272
female,472-292-8250
male,989-714-8556
female,986-878-4111
male,472-229-2365
male,472-221-8097
female,952-327-9429
female,472-202-6661
male,978-363-3014
female,980-556-3671
male,986-343-7472
female,878-494-5720
male,989-237-1691
male,984-273-0947
male,948-242-8303
female,848-523-3005
male,472-208-5407
female,872-725-6151
male,937-696-6033
female,472-290-7611
male,472-215-4678
male,906-793-6155
male,878-306-8377
male,954-284-4785
female,943-957-5537
male,472-292-5894
female,940-593-1846
female,860-555-9725
male,985-242-0490
female,984-831-5161
female,984-938-9231
male,863-396-4353
male,681-685-6966
female,872-309-9850
male,858-411-5130
male,472-210-0618
male,472-233-3031
male,984-288-1662
male,472-233-4639
female,870-553-8710
female,786-373-4400
female,986-807-0082
male,986-947-9077
female,959-571-9474
male,445-656-2997
male,951-450-0446
female,472-205-4314
male,505-646-3394
female,984-641-8207
male,472-257-5346
male,878-425-9372
female,956-261-3987
male,970-424-2122
male,865-341-0075
female,865-605-9728
female,872-389-6948
male,763-753-2745
female,472-273-6097
male,661-584-4756
male,984-359-4413
male,770-434-7511
female,878-823-5936
male,986-809-1045
male,763-853-6473
female,472-211-8277
male,930-829-1720
female,472-282-0313
female,472-287-2784
male,865-514-8622
male,949-386-6366
female,472-219-1482
female,864-413-1575
female,989-802-5839
female,954-413-9013
male,934-581-6799
male,472-265-2384
female,989-557-4617
female,754-975-9573
female,785-719-3990
female,980-906-4365
male,862-546-4163
male,680-976-9723
female,970-974-0776
female,984-351-3673
female,972-856-1985
male,878-485-1556
male,878-255-3142
female,979-606-7297
male,472-274-0888
female,986-253-3586
male,989-207-1393
female,472-258-5156
female,832-881-5252
female,443-629-6602
female,472-219-8056
male,864-673-9032
male,985-321-7241
male,986-850-4752
male,979-873-0017
male,472-277-7231
female,472-247-0749
female,754-585-7697
male,971-598-2218
male,870-921-7186
female,472-285-3981
female,980-611-6133
male,878-406-9948
male,973-947-3593
female,972-317-5672
female,971-481-9102
female,954-486-4866
male,878-980-7209
male,472-253-7452
male,540-336-3169
male,989-540-5663
male,786-200-9965
female,678-248-8958
male,878-764-5208
female,984-846-2567
female,952-884-7171
male,878-879-1121
female,858-508-7740
female,878-243-2913
female,785-486-5850
female,472-235-7749
male,970-719-3290
female,978-664-3441
female,472-269-1243
male,737-607-5921
female,770-598-3848
male,859-624-6711
female,870-663-2874
male,985-579-4731
female,786-705-5990
female,979-809-0937
male,870-487-9682
male,952-259-6086
male,785-483-8903
male,872-632-7813
male,781-786-1135
female,864-872-3005
female,878-780-3369
male,678-806-8738
male,878-423-1227
male,989-413-0652
female,980-346-0137
male,830-306-6851
female,539-398-6425
male,941-347-1004
female,681-321-7840
female,862-446-7784
male,472-272-4407
female,757-276-8148
male,980-933-2905
female,872-572-8618
female,989-674-4811
female,878-904-6201
female,689-878-4981
female,754-243-6942
male,979-951-0815
female,854-818-0422
female,771-327-3239
female,956-922-5165
female,929-401-9931
male,985-419-1747
male,984-403-8867
male,680-419-0840
female,980-975-6888
male,985-621-9293
female,786-892-8377
female,505-646-8051
male,763-491-0310
female,870-282-6106
female,472-276-8166
female,985-319-2746
male,920-554-2794
male,870-825-2710
female,864-999-1476
male,980-684-8614
male,984-254-1406
female,989-985-0603
male,938-285-1360
female,857-668-4967
male,254-419-2380
female,872-269-1382
male,771-831-5817
female,986-853-4120
female,689-237-1753
male,865-813-3855
male,859-753-3006
male,989-964-6850
female,762-369-6356
female,952-595-5498
male,985-620-5505
female,986-484-8863
female,774-730-0199
male,848-651-6702
male,785-532-3076
male,681-875-8452
female,972-501-0637
female,973-797-1569
female,979-421-9968
female,843-778-2459
male,984-821-7347
male,472-299-2005
female,775-907-7918
male,878-776-9468
male,472-281-9877
male,472-282-8091
male,781-444-4414
female,954-656-1678
male,989-339-8039
male,472-210-6917
male,979-988-9873
male,863-887-7992
male,984-946-0965
female,943-224-9548
female,765-292-9063
male,989-443-2105
male,864-860-5398
female,472-204-0174
male,680-856-7856
male,785-717-6032
male,785-278-0923
male,472-228-7500
female,472-235-5933
female,863-886-4874
male,781-635-9106
male,472-279-8034
female,472-261-0682
male,971-473-1639
female,952-245-4554
male,757-801-3762
male,986-653-3466
female,940-557-4519
male,989-357-6647
male,929-406-2850
male,786-887-3456
female,954-408-5744
female,505-621-1457
male,878-590-8391
male,941-529-0355
female,984-731-8303
male,980-427-3295
male,980-953-7791
female,870-986-6108
male,858-509-8298
female,472-225-2511
female,562-711-6025
female,743-431-9444
female,472-286-3734
female,472-205-4355
male,472-289-3967
female,928-955-9634
male,985-701-1281
male,870-494-2767
male,864-714-4714
male,863-485-2492
female,472-270-1283
male,984-762-5577
male,979-204-6003
female,505-826-3143
male,980-868-4557
male,872-782-6057
female,472-297-4213
female,660-323-5041
male,972-585-1363
male,646-781-1997
female,848-220-6888
female,472-242-7107
male,472-260-5010
male,972-251-5643
male,985-756-2551
male,762-402-1444
male,985-397-3341
male,986-238-0900
male,563-634-7495
male,857-499-8259
female,472-218-0704
male,785-225-5358
male,484-880-1699
male,472-234-1264
male,472-275-1967
female,472-285-8874
female,772-956-5567
male,786-857-5334
male,972-484-4016
female,847-692-4186
male,472-254-7268
male,678-306-3216
male,928-680-2644
male,949-659-4925
male,472-251-1431
female,980-367-1702
male,984-221-1474
male,984-617-7539
female,986-762-0023
male,786-540-9668
female,472-230-4661
female,973-205-1026
male,472-225-8798
male,872-768-9378
male,860-422-4368
female,472-205-7473
female,985-479-4239
female,973-667-8248
female,786-483-4947
female,862-371-2196
female,934-855-7457
female,954-650-8184
male,689-308-7498
female,863-717-5028
male,986-799-5231
male,906-350-7803
male,934-435-8619
female,817-778-8762
female,872-550-5689
male,980-755-4723
female,559-746-2865
male,984-564-8995
male,786-736-2913
male,985-590-0397
female,505-644-7048
male,831-661-8256
male,872-783-1526
female,472-223-4029
female,979-669-6513
male,779-436-9216
female,989-344-7472
male,472-288-7009
female,472-228-6350
male,970-374-8895
female,951-351-4981
female,872-447-7590
female,870-285-2767
male,986-670-7033
male,863-807-7087
male,864-241-8630
male,959-932-8813
female,952-529-1487
male,959-321-4765
female,814-906-3686
female,985-693-9851
male,472-261-6285
male,954-346-5617
male,985-262-0960
male,978-987-7217
female,979-439-7005
male,472-209-3120
male,472-206-4783
female,472-286-0787
female,920-835-2676
male,878-864-9016
female,472-294-3559
male,986-481-7355
male,505-646-9298
female,856-682-7539
male,985-471-8673
male,472-291-7126
male,989-440-2389
female,980-762-7273
female,947-566-9183
male,980-808-8935
female,678-526-1044
female,872-939-2664
female,472-213-8973
female,952-501-4287
female,971-638-2971
female,985-852-0682
female,785-832-8720
female,472-278-6012
female,985-554-3646
female,948-755-3725
female,781-644-1569
female,971-756-3817
male,954-805-0395
female,845-812-8055
male,984-826-2635
male,472-255-7161
male,989-992-8502
female,872-838-3258
male,757-262-2351
female,989-523-1805
female,865-224-0966
male,585-790-5168
male,989-784-5497
male,781-688-4043
male,786-978-6235
male,878-981-9588
male,956-767-9307
female,971-327-8580
male,843-355-2404
female,956-673-5012
male,472-216-6404
male,979-448-2693
male,980-489-9429
female,878-458-7390
female,773-368-7321
male,472-253-6122
male,472-253-5774
male,972-738-5636
male,954-875-3996
male,786-592-1373
female,857-637-6953
male,770-599-3066
male,585-864-4637
female,985-814-4626
male,472-233-8104
female,870-965-0769
male,980-565-7927
female,505-686-6284
female,740-245-9099
female,864-646-5240
female,472-297-2564
female,786-850-0371
male,985-512-7105
male,580-507-6608
female,872-285-0995
male,854-569-7219
male,872-901-4294
female,989-701-1318
female,864-460-9228
female,980-689-2526
female,472-224-7545
male,989-689-3943
male,980-587-6993
female,472-271-1092
male,472-237-8929
male,973-691-5790
female,472-280-1362
female,920-691-6701
male,973-370-8741
male,472-202-1157
female,505-681-5334
male,689-347-0005
female,472-229-6905
female,878-404-5521
female,785-426-0287
female,989-351-3392
male,472-237-4621
male,925-825-3592
female,472-299-5470
male,951-306-3852
male,948-637-3111
female,347-463-6337
female,986-455-5984
male,472-204-9657
female,682-274-5351
female,878-420-0565
female,472-201-2667
male,472-222-3897
female,775-569-6934
female,505-685-3258
female,870-945-8198
female,872-369-7115
female,970-516-0091
male,681-615-4142
male,971-643-7804
male,472-203-4340
female,989-666-7443
male,954-451-0094
male,980-467-6486
female,472-212-4831
male,978-221-4700
female,985-999-1876
male,971-782-1746
female,689-219-1068
female,472-281-6856
female,971-756-3658
male,472-275-7984
male,970-327-1143
female,971-488-5387
male,472-267-2618
female,979-492-2255
female,862-459-8832
male,865-971-0204
male,785-585-2206
female,979-263-2238
female,984-955-4830
male,472-267-2379
male,872-755-9417
female,505-644-0702
female,484-260-8461
male,472-234-7883
male,985-559-8190
female,870-469-2519
male,956-241-8458
female,472-255-3335
female,984-771-1920
female,854-267-4868
male,870-294-3707
male,872-655-4319
male,954-985-2707
male,472-277-6706
male,472-263-3955
male,986-366-5013
female,505-294-0990
male,984-977-2532
female,986-974-4261
female,971-985-7389
male,472-248-3866
female,984-559-9374
female,978-239-9586
male,986-429-4177
male,283-989-9079
male,478-254-9164
female,980-736-9746
male,970-598-2623
male,986-364-3641
male,472-287-9636
female,472-219-1734
female,986-791-7920
female,472-267-3268
female,472-250-4557
female,954-845-5820
male,656-257-0446
female,985-608-4256
female,986-713-3664
male,472-288-3628
male,564-211-9749
male,860-795-4508
male,980-673-7908
female,951-995-9617
female,680-919-8492
male,786-307-1271
male,835-684-6674
female,678-407-7718
female,985-793-2388
female,689-353-6247
male,989-256-1440
male,472-285-5186
male,979-263-2114
female,572-202-6987
female,678-952-6243
male,984-223-8757
female,971-629-9734
female,769-988-3490
male,925-668-4115
male,986-735-0546
female,985-287-2206
male,973-306-0311
male,978-741-6347
male,678-969-3086
male,472-281-6087
male,472-272-4970
male,980-236-3426
female,878-683-6746
male,856-276-1936
male,681-411-3268
male,472-228-2354
female,472-224-4575
male,986-670-7692
male,989-650-7977
male,952-285-9483
female,472-285-4770
male,970-405-7112
male,986-757-4344
male,651-293-8789
female,678-452-8275
female,878-951-2337
male,472-200-6877
female,870-590-6466
female,760-276-2589
female,878-491-3067
female,980-375-1817
male,472-276-6247
female,662-543-8953
female,772-699-3632
male,472-256-4875
male,872-729-6691
male,839-521-0800
female,848-745-6155
female,862-647-0442
female,985-651-0116
male,472-271-3382
female,980-830-7983
female,469-587-6008
female,779-300-2274
female,870-839-6804
male,838-673-4936
male,959-587-7477
female,781-741-2190
male,472-232-6336
female,754-331-1073
male,472-238-3180
female,978-591-8483
male,980-863-7218
female,985-489-9304
male,984-704-9329
male,472-252-0165
male,863-813-1134
male,984-699-9402
female,984-843-5282
female,985-781-6669
male,901-593-3188
male,785-362-4469
female,986-377-6629
female,930-921-1040
female,972-925-5671
male,785-302-5350
male,862-441-2227
female,472-202-4600
male,949-454-6767
male,984-355-0996
female,989-683-4078
female,472-253-2856
male,786-273-3274
female,856-699-7646
male,872-336-3682
male,689-932-6256
male,840-973-8445
male,989-426-8159
male,943-258-3591
male,878-365-0063
male,971-935-2227
male,870-603-0017
male,949-915-5583
female,878-325-4695
female,472-275-9873
female,943-616-1282
female,980-789-2286
female,984-520-5536
male,872-835-4936
male,856-933-0541
male,948-758-7749
male,878-874-7633
male,442-357-7035
male,785-506-9511
male,472-262-8274
male,850-407-3960
male,986-966-1613
male,582-407-1966
female,989-476-3747
male,985-854-1724
male,954-339-8958
female,472-213-5953
male,986-725-1708
male,980-720-0400
female,973-668-6277
female,769-666-4338
male,472-204-2814
male,870-726-0162
male,801-668-6720
female,945-568-4395
female,678-305-0476
male,586-548-6926
male,786-907-4609
female,472-208-0262
male,978-690-2255
male,872-327-6376
female,754-682-5059
male,980-560-7801
male,472-250-4959
male,985-353-6880
male,989-816-1418
female,872-897-4129
female,909-960-2285
female,689-658-6432
male,954-329-0408
male,945-243-8274
male,973-384-8278
female,785-295-4433
male,878-662-7928
female,847-860-6989
female,472-232-7870
male,989-492-5449
female,984-444-0407
male,850-728-2815
female,948-239-8511
male,472-253-8564
male,984-325-8279
female,984-598-8861
male,980-532-8841
male,472-289-6880
female,832-698-4093
male,980-612-2335
male,956-756-6671
female,980-540-4318
female,785-314-1020
male,472-260-3123
female,472-205-6011
female,786-925-6319
male,472-231-1286
female,989-223-6289
female,479-657-4151
female,860-587-9449
male,505-646-5961
male,952-451-8976
female,980-970-9199
male,937-705-0032
male,472-204-3076
female,361-224-9519
female,978-938-2653
male,484-894-8744
female,970-985-7114
female,980-349-3674
female,986-806-1428
male,989-543-5389
female,786-771-8044
male,973-731-1818
male,472-236-0134
male,864-633-6228
male,472-284-3715
female,978-412-5047
male,984-262-1582
female,914-439-1400
male,986-305-6562
female,985-789-1431
male,472-296-1259
male,860-695-9534
male,472-259-8405
female,979-859-9659
male,972-850-6743
female,472-277-7877
male,762-879-9132
male,472-263-3026
female,980-977-9322
male,862-783-1395
female,972-791-7829
male,872-445-8733
male,472-204-5872
male,936-616-8142
male,979-792-0781
male,870-630-4226
male,472-243-2733
female,863-327-0988
male,985-575-6176
female,857-465-2057
female,860-968-9471
male,870-907-8369
male,472-295-3854
male,472-267-4041
female,283-659-0263
female,472-225-1446
male,986-637-0169
male,980-831-2368
male,424-389-3380
male,505-646-6487
male,786-375-4598
female,472-224-1653
female,472-238-3313
male,986-632-4145
female,678-327-3513
female,472-200-0301
female,979-895-9091
female,472-217-6639
female,472-248-8892
female,986-751-2179
female,878-616-8273
female,986-372-9991
female,986-205-8623
male,727-399-0875
female,472-200-9410
female,980-815-5716
male,774-265-0109
male,971-709-1740
male,472-200-6386
female,872-586-1445
female,472-228-0211
male,472-205-8655
male,472-225-7039
male,838-761-6840
female,984-436-0150
female,979-541-5356
male,980-221-9017
female,472-221-8125
female,979-952-3987
female,472-297-2673
male,472-257-4113
female,956-561-2744
male,989-317-5499
female,938-777-4921
female,726-451-4265
female,472-211-0562
female,984-718-6804
male,472-283-8034
male,941-852-3799
male,472-243-2584
female,863-220-2383
female,472-238-8967
male,959-931-2365
male,472-292-0840
male,979-429-5586
female,985-911-3811
male,472-205-2442
female,989-850-5878
male,973-221-6843
female,472-202-5293
female,472-246-2686
male,859-204-6273
male,472-265-4959
female,870-559-3851
male,472-293-5524
female,505-709-7657
male,984-477-9485
female,908-519-8931
male,472-238-4670
male,978-492-4273
female,682-381-2056
male,863-292-3565
male,472-269-0587
female,878-395-4274
male,785-513-6817
male,563-253-5869
male,856-689-1330
male,872-889-5982
female,828-724-2288
female,951-601-1110
female,986-515-4088
male,948-538-3306
female,985-602-2131
female,505-646-5310
female,845-653-1626
male,786-578-9437
male,978-901-0762
female,989-645-0575
male,984-508-5686
male,989-224-5000
female,980-839-4282
male,978-597-0061
male,978-680-4173
male,786-233-6397
male,913-671-0037
female,858-761-1658
female,985-783-7996
male,878-225-8157
male,872-332-1579
female,979-208-5357
male,980-909-5934
female,986-361-1725
male,472-268-5732
male,878-351-3239
male,870-590-1441
female,989-416-0137
male,757-420-2678
male,472-224-3859
male,970-466-8433
male,862-676-2823
female,970-740-7724
female,854-618-3366
male,870-323-5282
female,472-254-7320
male,472-286-6573
female,472-297-8641
male,860-639-0407
male,980-321-8753
male,872-879-0119
male,980-907-8893
male,959-453-7056
male,972-805-7380
female,978-443-4084
male,959-881-7417
female,472-254-1085
male,850-389-1432
male,970-810-9319
female,472-245-0594
male,505-712-9909
female,986-954-4956
male,860-265-9536
female,472-240-1871
male,984-264-7066
female,973-458-1134
male,472-240-4604
female,857-834-6526
male,472-289-7928
male,472-248-8720
female,678-554-9402
male,984-737-9154
female,472-284-2108
male,984-759-9435
female,989-947-4793
female,878-997-7908
male,472-244-1706
female,934-238-5412
male,865-465-7504
female,972-688-0418
male,949-343-1766
male,872-308-8339
male,872-232-6916
male,980-617-1500
male,956-502-8465
female,870-228-5932
female,472-274-0611
female,781-653-7410
male,734-571-8757
female,472-231-5894
male,843-819-0818
male,850-554-1784
female,472-254-7594
female,951-980-9365
female,973-788-1421
female,472-278-0012
female,472-206-4421
female,970-299-6513
female,878-430-3270
male,505-697-2871
female,472-211-0694
male,978-803-3987
female,870-857-1967
male,943-325-2143
female,980-317-3110
male,864-360-7072
male,989-201-0773
female,986-527-3931
female,986-803-1755
female,870-395-3049
male,986-281-4726
male,786-628-7714
female,765-577-4463
male,985-803-4005
female,972-946-5841
male,472-285-9834
female,785-354-9399
female,678-704-8363
female,989-288-3981
male,469-477-8250
male,954-399-0181
male,970-634-4045
female,472-281-4882
female,959-319-1286
female,989-714-3058
male,985-204-0040
male,862-267-8182
female,472-269-0628
male,978-716-2117
male,472-230-3252
male,984-237-7425
male,682-563-8205
female,984-750-4737
male,786-328-2302
male,651-374-2725
female,472-293-8647
female,774-714-8724
male,835-588-5018
male,630-380-6571
female,854-250-2953
male,878-841-7660
female,682-763-6194
female,860-422-0312
female,978-481-7020
female,689-592-3510
male,472-207-5086
male,954-406-4403
male,929-797-9800
female,985-792-5898
male,505-674-5040
female,989-981-2756
male,472-261-1029
female,940-411-7962
male,786-244-1824
female,989-438-0993
male,472-253-8696
male,472-237-8931
female,984-395-8478
female,872-774-1617
male,472-233-5853
female,870-532-7104
female,848-722-4128
female,878-660-2014
male,781-949-1626
male,979-837-5337
female,472-239-2202
female,971-820-5567
female,472-259-3668
male,472-289-1802
male,984-238-9060
male,985-832-1190
male,959-446-8290
male,972-272-6553
male,952-695-2133
female,472-235-6214
male,980-795-5158
female,985-457-6583
female,785-679-4253
male,971-441-7728
male,952-278-8538
male,949-369-9045
female,763-542-0626
male,938-970-1666
male,472-223-2793
male,959-403-6803
male,847-897-2329
male,858-885-8090
female,678-511-8057
female,986-570-4870
female,973-854-8147
male,472-242-0098
female,689-888-6366
male,472-272-2801
male,989-578-9389
female,973-796-6726
male,472-297-7548
female,689-320-8187
female,843-383-3329
male,984-563-7776
female,989-745-1986
male,472-288-3701
male,850-788-0844
male,472-233-5145
female,472-231-3542
male,781-254-1427
female,786-459-5792
male,986-980-0556
female,458-832-3883
male,989-703-3771
female,870-502-1576
male,872-555-4013
male,860-375-0322
female,985-951-1437
female,979-695-3053
female,980-602-8855
male,678-359-2771
male,779-460-0572
female,364-466-5805
female,906-307-3470
male,980-911-2772
male,863-406-3809
female,940-975-9995
male,986-525-4455
female,472-254-0467
male,757-380-8773
male,872-757-5419
female,472-275-3494
male,505-931-5913
female,248-454-1543
male,985-754-1799
male,667-351-1345
male,646-937-5415
male,472-227-7661
male,980-777-1080
male,980-672-9210
male,781-363-9105
female,580-912-6128
male,980-261-9887
male,669-418-5450
male,970-691-6630
male,472-262-1578
male,979-611-5104
female,870-437-7745
female,959-432-2645
female,989-621-5678
male,472-215-2441
female,850-730-3118
male,505-646-2755
male,989-608-2293
male,986-302-3942
male,980-597-0834
male,785-980-2823
male,786-633-1395
female,774-752-6502
male,984-485-4181
male,989-649-3648
male,786-711-9802
female,785-455-6039
male,980-450-7312
female,484-306-0499
male,484-660-9185
male,940-596-8740
female,860-262-8680
male,864-355-1954
female,850-516-6382
female,985-774-2946
female,986-382-1317
male,754-584-0751
female,472-246-6524
male,472-236-6027
male,870-286-0089
female,472-248-2455
male,979-858-4160
male,872-483-4816
male,870-605-5335
male,979-642-0540
male,979-720-6428
male,952-390-3723
male,472-298-4714
male,956-722-0153
male,472-263-7816
female,505-646-1137
female,878-907-0764
male,472-286-2987
male,978-883-4399
female,472-286-0857
male,959-423-5321
male,772-551-3632
male,954-343-8629
male,835-933-4892
male,571-476-3878
female,872-431-0651
female,872-216-5392
male,472-280-3939
female,472-227-1913
male,484-515-9903
male,478-578-6497
female,472-253-6626
male,989-556-7525
male,472-206-6254
female,781-273-7235
male,972-602-3127
male,986-221-3049
male,470-677-0002
female,972-725-4127
male,857-425-4796
female,970-595-2485
male,931-559-9349
male,541-704-1838
female,985-617-2318
male,731-458-2996
female,980-867-7428
male,959-757-5708
female,689-583-4387
male,472-219-0851
female,872-672-7709
female,681-298-3890
male,472-228-7762
male,689-387-8370
female,472-290-2779
female,860-685-1710
female,986-991-6546
male,678-840-6254
male,472-210-1215
male,878-404-9947
male,980-771-2754
male,774-718-6675
female,472-256-8603
male,863-968-1081
male,785-224-7072
male,586-876-8538
female,472-296-3266
male,661-347-3181
male,680-368-9771
male,863-498-4106
female,985-934-4399
female,986-905-4543
female,862-281-4057
female,970-593-4051
female,472-234-3010
female,472-296-6098
female,779-611-4920
female,878-398-4362
female,980-729-9317
female,980-940-4208
female,971-328-9386
male,973-877-6859
male,872-699-9008
male,850-611-6930
female,985-453-1213
female,985-763-4444
male,689-233-9538
male,582-396-7534
male,980-794-8562
male,984-721-9086
male,989-512-4592
female,585-847-1150
female,472-226-7553
male,948-806-1139
female,669-231-1006
female,505-663-3724
female,786-420-7606
male,985-338-9857
female,862-647-0221
male,986-592-6516
female,872-481-4530
female,878-485-9873
female,872-803-5513
male,870-672-6165
male,862-616-0719
female,980-228-1289
female,978-280-9072
male,267-782-7338
male,472-203-7194
male,472-216-2180
female,472-299-4230
female,472-263-1842
female,984-301-8539
female,786-764-8016
male,865-447-4862
female,472-279-1768
male,779-274-6257
male,781-535-1328
female,863-986-5023
male,785-591-0529
male,472-236-2114
male,640-893-8614
male,472-283-2575
female,678-341-6685
female,860-446-6206
female,949-666-5923
female,985-252-6589
male,980-853-5347
male,951-374-3105
male,689-643-4447
male,775-773-5358
female,472-285-9265
male,472-265-8285
male,785-805-1462
female,248-954-9427
male,986-419-1249
male,757-568-7767
male,934-967-9293
male,574-247-2559
male,914-627-5591
male,948-208-9120
male,737-767-5445
male,754-573-6168
female,472-233-4491
female,480-396-8297
female,760-901-2096
male,272-567-5379
female,980-964-7197
female,937-912-1778
female,951-402-5115
female,472-280-8293
female,505-644-6096
female,872-300-1946
male,989-477-2006
male,878-943-6384
female,484-586-1151
female,472-233-0076
male,781-772-3289
male,472-208-2127
female,872-827-3416
male,870-764-2021
female,470-877-0576
male,985-500-0452
female,854-854-4953
female,878-258-5432
male,956-518-0316
male,970-839-5717
male,863-560-6492
female,786-832-3691
male,956-274-5558
male,984-205-3462
male,472-297-4523
male,971-769-1556
female,850-520-4367
female,678-281-9167
male,472-223-1715
male,872-402-7704
male,472-222-9306
male,847-952-7267
male,984-928-9602
male,472-208-8795
male,765-976-4089
female,970-505-7895
male,781-497-8103
male,472-260-4374
female,979-321-5009
male,803-431-1472
female,978-234-4216
male,786-333-3910
male,472-282-6645
male,989-711-5606
male,472-243-3256
male,870-817-2006
male,980-992-4914
male,864-463-1869
female,980-793-5362
female,986-715-2273
female,472-287-6543
female,472-210-3505
male,472-284-6734
female,472-279-0491
male,505-644-8850
female,472-284-5412
male,350-764-7123
male,878-580-4776
male,773-896-7869
male,472-212-7114
male,575-846-8302
female,878-423-7711
male,985-975-9866
female,682-451-0407
male,505-644-9235
male,878-759-4139
male,984-263-3548
male,878-241-0561
female,472-245-7447
male,770-295-3541
male,786-287-0941
female,860-764-2222
male,956-984-0133
female,669-222-8047
female,945-495-2734
male,870-714-2144
male,472-251-0414
male,863-995-2576
male,870-803-4996
female,979-335-8471
female,973-391-4912
female,952-978-3031
female,781-827-9917
male,678-763-0876
female,843-591-4252
male,985-264-9511
female,954-966-1712
female,854-381-1316
female,951-658-9898
female,972-816-1115
female,669-771-9135
male,972-942-8301
male,863-873-0903
male,843-297-2086
male,870-747-6036
female,610-742-3762
male,986-200-9414
male,989-519-2244
male,972-781-2137
male,660-613-6940
female,747-222-3911
male,914-404-3188
male,986-917-0846
male,989-825-0715
female,472-283-8781
male,762-341-2790
female,943-439-2815
female,838-844-0192
female,580-979-3783
female,972-378-6494
female,472-277-0732
female,484-201-8785
female,472-230-5249
female,979-265-8944
male,472-278-1693
female,943-855-2247
male,472-210-1462
male,989-369-6110
female,985-872-6243
male,472-288-5607
female,989-874-9459
male,989-239-1012
male,847-989-6441
male,505-646-2599
male,472-254-8592
male,978-603-3329
female,864-821-5654
male,801-285-8326
male,472-289-8891
male,472-239-3975
female,989-598-8037
male,978-957-1420
male,472-281-0363
male,972-806-8896
male,980-613-4401
female,980-814-6991
female,956-236-7174
female,986-921-6370
female,472-220-7749
female,472-216-3066
male,838-456-8845
female,980-919-2247
male,860-501-7436
female,956-200-0462
male,680-868-5068
female,980-285-1669
female,956-538-7124
male,986-781-4578
male,985-713-3262
female,830-875-5005
male,989-254-3095
female,989-736-5268
male,472-267-4977
male,472-219-5067
male,978-353-6963
female,505-961-0318
female,472-286-4006
female,472-286-4987
male,472-267-8185
female,972-521-0869
male,472-281-6648
female,472-234-0335
female,984-957-6997
male,472-284-7418
female,943-893-4139
male,472-232-9416
male,557-817-5320
female,472-264-2586
male,989-394-0103
male,979-432-8734
male,472-280-1772
male,980-330-7925
female,779-819-6063
male,984-585-6109
male,989-499-8991
male,765-444-8539
female,561-666-4798
female,878-767-7592
male,973-238-7216
male,505-646-0787
male,574-344-9631
male,272-225-3593
female,985-546-9798
male,989-816-8865
female,984-601-9547
female,954-660-8429
male,865-926-5542
male,980-618-3406
female,989-447-3613
female,862-850-2776
male,872-426-9209
male,858-479-5107
male,980-862-5125
female,870-474-7792
male,985-679-1566
male,472-211-2271
female,959-667-8488
female,774-439-4935
male,472-267-9494
male,472-275-6054
male,678-690-3959
male,931-413-3060
female,772-703-1390
male,505-646-0711
male,472-271-8516
female,785-763-1212
male,878-442-2054
male,856-431-2121
female,862-318-9279
male,979-598-6459
female,469-794-5099
female,949-953-9557
female,878-254-7320
male,980-702-8757
female,980-233-8042
male,472-259-5089
male,737-912-2453
female,936-370-9067
male,972-426-0508
female,762-326-7012
female,472-272-3597
male,941-862-1299
male,472-204-7108
female,878-441-2587
male,689-789-2457
male,774-517-7326
female,986-350-8270
male,972-548-6916
male,985-349-6211
female,971-732-4557
female,472-213-6162
male,786-475-6057
female,956-615-2120
male,770-348-4051
female,859-880-3968
female,951-970-4895
male,472-287-5471
male,472-241-0259
male,472-207-8786
male,681-899-4650
female,872-556-0495
male,972-223-3707
female,472-225-7208
female,985-877-5702
male,959-628-2117
female,919-690-3719
male,878-513-0060
female,472-262-7344
male,956-271-5293
male,472-250-6604
female,872-476-2842
female,472-251-5725
female,984-851-4546
male,978-803-8218
male,989-681-9442
male,472-256-4981
male,472-258-5037
female,472-294-0841
female,984-902-1317
female,754-560-1027
male,940-216-2440
female,870-453-1081
male,860-533-7518
female,986-934-4040
female,564-252-7230
female,949-443-1772
female,986-980-6470
female,986-574-9427
male,860-259-7824
female,786-298-1879
male,472-272-5364
male,938-450-0043
female,870-701-6233
female,786-939-3215
female,985-978-4884
male,862-615-6154
male,385-997-2467
female,989-856-1781
male,754-213-1081
female,472-218-3672
male,978-381-8283
female,980-391-0713
male,472-282-1242
female,954-784-3778
female,678-775-6568
female,472-284-5033
female,984-482-2468
male,978-580-3679
male,865-636-5700
male,472-259-6574
female,472-276-0966
male,985-903-3709
male,682-456-4898
male,878-420-8157
male,878-568-4435
female,472-264-9364
male,779-990-2335
male,985-287-5491
male,472-263-8194
female,472-241-8950
female,907-279-1518
male,472-246-1355
female,472-236-2958
female,920-651-7935
male,984-972-0483
male,775-342-7997
male,472-267-4627
male,505-679-8439
male,872-966-6514
male,859-333-0087
female,472-238-1088
male,971-668-5465
male,472-294-7964
female,472-271-7747
male,472-210-7827
female,870-345-5751
male,472-214-2025
male,586-492-2634
male,472-215-6690
male,980-694-3577
male,872-448-2781
male,920-954-6576
female,856-445-6675
male,678-457-1109
male,786-445-0704
male,682-456-9156
male,978-240-5030
female,872-935-2503
female,828-882-9812
male,984-272-8844
male,973-963-8737
male,980-681-7128
female,863-969-3091
male,669-483-9796
male,472-264-1605
male,870-608-8599
female,954-955-1272
male,934-766-0786
male,472-290-1542
female,971-863-9426
male,865-626-2611
female,785-216-0449
male,952-711-9269
male,669-734-0269
male,972-807-9104
male,781-891-9212
female,980-586-4350
male,572-870-2206
male,865-651-3106
female,872-826-9195
female,986-853-3078
male,954-673-0755
female,906-756-6656
female,971-937-0068
male,472-277-3569
male,864-558-2085
male,986-656-6135
male,472-211-5119
female,986-776-3447
female,984-310-1673
male,954-361-5206
female,835-751-6534
female,864-411-5337
female,660-511-9897
male,586-752-0493
male,951-309-6216
female,978-538-5451
male,925-989-9658
female,918-950-0770
male,952-257-0962
female,850-561-5401
male,878-643-4590
female,986-909-2365
male,989-489-5799
male,862-349-7476
male,786-325-6457
male,828-911-2955
female,970-300-2246
male,930-465-6675
male,984-604-0351
male,571-401-9405
female,580-273-9922
female,971-816-3367
male,951-652-3491
male,980-781-9752
female,878-793-5502
female,864-236-5943
female,281-732-7893
female,636-907-1090
male,989-830-7648
male,986-323-7062
female,989-591-9337
male,907-813-4113
female,971-361-1050
male,575-781-4474
male,956-671-3322
male,985-462-2326
male,970-746-8948
female,472-216-3764
male,980-697-0406
female,757-281-5532
female,860-525-0363
male,980-796-5952
male,856-672-1535
female,973-641-8449
male,678-826-2632
male,472-215-4232
male,878-454-2214
male,870-752-0194
female,786-646-3787
male,972-521-0418
female,472-206-6773
male,984-544-7434
female,940-288-4385
male,831-296-6308
female,948-454-7638
female,472-230-6802
male,785-849-6484
female,281-859-7600
female,973-988-7373
male,980-466-5905
female,956-626-9918
female,980-683-7652
female,870-211-7075
male,870-719-5342
female,472-212-2635
female,472-297-2076
male,864-873-1176
male,878-556-6657
male,786-510-9269
female,831-709-9274
female,878-401-0358
male,472-252-6279
male,951-318-3058
female,986-934-6379
female,870-942-8488
male,980-967-9033
male,472-225-3333
female,472-289-1657
female,872-389-9965
male,472-226-0118
female,781-318-7189
male,931-845-6054
male,484-796-6579
female,472-247-8928
male,472-267-3593
female,985-621-9041
male,678-397-4581
female,850-530-9314
female,472-217-5740
male,989-268-6453
male,573-906-7995
male,980-317-1432
male,863-856-4809
male,864-427-9443
female,878-885-0740
male,989-380-7851
male,973-796-9546
male,765-881-4352
male,472-264-2590
female,760-806-4706
male,505-646-3142
male,984-300-7314
male,878-235-0649
male,951-873-9962
female,472-294-8811
female,936-938-8346
female,774-453-1183
male,985-752-6301
female,878-580-1232
female,984-844-0822
male,989-451-4625
female,763-920-6454
male,986-779-4437
male,985-973-5001
female,480-572-0120
female,870-607-3837
male,765-953-1951
male,862-912-5955
male,989-775-2689
female,505-646-8530
female,472-283-4816
male,505-866-8751
female,472-260-1711
male,989-244-0687
male,472-244-0146
male,989-676-5924
female,760-221-3260
male,954-260-3785
male,472-266-4709
male,472-245-9233
male,986-596-8542
male,973-568-1528
female,472-263-6254
male,472-221-5365
female,954-842-5759
male,472-278-7061
male,872-289-5588
female,786-783-6868
male,472-281-4314
male,870-643-8491
male,472-278-8984
male,872-220-8400
female,979-374-2362
male,979-486-0033
female,472-276-7201
female,872-712-2860
male,843-856-9483
female,870-947-9489
female,785-831-6508
male,472-276-0132
female,505-611-2651
female,986-998-2503
male,989-265-4988
male,785-366-4023
female,973-683-6854
male,986-600-1035
male,772-373-8162
female,678-975-8505
male,912-369-2081
male,785-329-9227
male,972-760-7181
male,472-231-0652
female,986-580-9738
male,989-794-3253
female,972-528-2747
male,472-238-4648
female,973-707-3373
male,951-698-2823
female,943-239-2197
female,984-297-6190
female,472-247-0472
female,472-286-0563
male,786-967-4805
female,689-256-2084
male,858-265-0969
female,472-202-3947
female,972-797-7892
female,970-596-5033
female,986-506-7653
male,973-395-6943
female,681-706-2633
male,472-259-2766
female,472-261-3200
female,937-493-6359
male,472-294-3505
male,472-244-1711
male,986-949-0719
female,737-779-2902
male,984-441-0209
male,980-643-9572
female,973-753-8956
male,541-295-6047
female,980-763-5956
female,870-807-2277
female,970-501-7046
male,586-282-2682
female,505-402-0367
male,863-261-1445
female,472-232-9889
female,865-274-2795
male,762-880-8838
female,989-417-2913
male,970-461-0049
female,786-762-8223
female,980-225-8313
male,571-846-1492
male,984-205-7057
male,973-243-3792
female,952-981-0157
female,945-642-6266
male,972-519-4429
male,472-205-1209
female,970-883-6188
female,989-689-1234
female,813-444-2169
male,979-419-5431
male,472-254-7508
male,948-388-0070
male,472-202-9260
male,870-978-7055
female,786-293-4534
male,943-879-9141
male,678-792-9738
female,472-253-2410
male,813-543-1347
female,472-220-1874
male,472-226-0443
male,772-821-9992
male,971-501-3130
female,959-369-1430
female,878-299-8995
female,989-287-1458
female,480-656-7307
female,872-588-0249
male,985-282-6513
male,260-703-3594
male,989-939-1977
male,472-266-3099
male,985-394-8688
male,863-881-1726
female,843-342-8463
male,970-343-0809
male,472-286-1140
female,505-619-9125
male,850-322-9208
male,878-643-1956
male,865-342-8786
male,985-643-3318
male,980-309-7731
male,989-473-4048
male,283-942-0587
male,757-424-5093
female,472-273-6078
male,472-242-6811
female,779-982-8962
male,870-446-2476
male,872-887-8169
male,985-390-2037
female,472-218-9160
female,472-201-0217
female,472-240-2710
male,878-762-7000
female,971-394-1434
male,878-665-0748
male,970-484-0702
female,472-241-0600
female,472-231-4726
male,986-595-3538
male,989-587-4633
male,984-909-8024
male,984-814-6465
female,472-284-5259
female,931-419-6446
female,586-784-3871
male,472-202-1270
male,985-627-9716
male,973-402-7749
female,985-976-1323
female,980-516-9917
female,951-828-7580
male,785-672-1976
male,472-278-6960
female,989-701-4837
female,870-979-0493
male,786-848-1873
female,870-553-4415
male,948-912-9882
female,681-555-8461
female,952-367-4487
female,872-672-9921
male,785-226-2635
female,472-238-1629
female,862-293-2191
male,952-267-3107
male,872-650-2826
female,980-803-8986
female,864-559-8809
female,681-904-3623
male,786-927-6920
male,985-870-3288
male,661-610-2878
male,956-367-4821
male,878-637-3470
female,771-381-8859
female,472-274-2233
male,989-362-2499
female,945-903-3159
female,906-339-7366
female,862-650-0943
male,878-865-3651
male,952-596-3189
male,785-596-0306
male,678-343-6028
male,680-267-2969
female,472-223-0147
male,472-289-9820
male,472-213-1944
male,978-414-3131
male,985-586-7037
male,980-440-8931
male,952-982-0390
male,985-246-7664
female,986-679-6773
female,980-392-3975
male,854-404-0990
female,856-229-7424
male,472-282-8551
male,682-649-8749
female,862-320-7774
female,472-286-5965
female,865-900-4500
male,870-453-4260
male,862-425-6174
female,680-574-1861
male,472-213-7503
female,472-299-8326
female,872-495-0678
female,472-276-1328
male,831-677-8478
female,959-207-8415
male,985-713-3035
female,972-904-8503
male,472-282-9307
female,972-544-1456
female,971-897-7984
male,472-276-3200
male,472-219-0202
female,872-615-1667
male,865-537-0522
female,959-353-1041
male,980-426-2438
male,472-229-4379
female,472-259-2049
male,989-893-6493
female,472-221-6927
female,472-211-5739
male,986-387-4012
female,959-778-3318
male,984-278-6868
male,472-287-2743
male,681-828-8748
male,878-495-2465
female,943-317-0768
female,984-768-7633
male,472-213-3200
female,856-970-7064
male,863-297-4249
female,984-555-3952
female,979-595-1340
female,986-827-3447
male,945-608-9606
female,472-201-9661
male,773-579-8627
male,985-207-8105
female,623-942-4362
male,864-443-3318
male,472-248-8310
female,973-508-5977
female,970-784-9388
female,785-511-2987
male,472-284-2212
female,973-428-1770
male,870-786-3427
male,947-896-2533
female,985-787-0840
female,582-322-6928
female,979-844-1846
male,985-581-9493
female,781-256-7368
male,786-293-6852
male,986-240-0352
female,472-232-5665
female,472-226-4142
female,971-453-0712
male,754-616-8942
male,947-812-7635
male,848-513-4045
male,472-227-0829
male,959-932-9503
female,936-631-6391
male,472-251-1529
male,865-643-6692
male,472-256-3187
male,934-575-6789
female,971-886-8105
male,472-251-3682
male,472-293-7971
female,860-842-1933
male,878-409-5562
male,472-244-7128
male,917-984-8840
male,870-952-7454
female,472-254-1462
male,971-909-3860
female,860-974-0878
male,252-695-8376
female,472-242-6920
female,910-746-4381
female,480-914-0358
male,580-250-7065
female,779-651-1401
male,856-665-6746
female,680-767-5889
male,980-636-6306
male,986-656-7804
male,667-782-2623
female,870-462-5211
male,984-347-4851
male,986-222-7804
female,985-847-9759
female,472-241-4259
male,858-786-2651
male,872-692-1645
female,986-342-5639
female,986-525-9427
female,951-779-6629
male,870-834-1830
male,956-314-3325
female,978-372-7771
male,870-986-5029
male,472-288-2089
male,865-782-6280
male,860-311-8747
female,769-858-8849
male,472-293-0285
male,582-706-7609
female,870-981-6699
male,843-286-4682
female,472-236-0534
male,986-214-5390
male,984-790-5277
male,956-667-0359
female,878-647-9299
female,472-269-9275
female,856-751-6943
male,472-213-6090
male,971-511-5772
male,986-948-5029
female,984-739-5909
male,872-682-9660
female,973-784-8606
male,984-224-1410
male,986-234-4346
male,847-872-8002
male,980-839-4105
female,843-941-6287
female,980-372-2966
male,472-278-7207
female,959-369-9406
female,472-224-7053
female,472-255-1972
female,989-659-1174
male,986-746-2421
female,951-486-2107
female,480-264-5318
female,472-228-3982
male,472-297-8910
male,831-278-9498
female,472-228-2705
male,472-252-1989
male,607-520-7660
male,281-956-0324
female,472-249-6215
male,774-480-5245
female,781-551-5702
male,952-351-8089
male,985-560-2498
male,472-275-3149
female,943-770-7455
male,979-932-9541
female,985-415-5174
male,828-819-3246
female,472-230-4953
female,472-208-9016
male,678-963-7955
male,472-243-3102
male,854-314-0757
female,681-622-5498
male,472-247-4478
male,860-419-2288
male,971-484-6157
female,954-603-9556
female,458-219-5820
female,773-879-8116
female,952-950-7057
female,984-420-9572
male,870-796-6592
female,985-323-2077
male,472-275-7486
female,472-283-8446
male,872-804-3367
female,951-327-0878
male,472-239-3322
male,847-322-4231
male,623-871-8017
male,669-717-1493
female,980-997-7242
male,878-916-3951
female,980-911-0669
male,831-250-1638
male,574-636-8209
male,458-723-0579
male,978-975-7362
male,472-205-2319
male,864-756-6450
female,989-559-2172
female,472-245-0134
male,781-912-7708
female,785-566-9561
female,986-806-5483
female,878-269-7655
female,872-617-9043
male,989-522-4241
male,985-935-8077
female,989-488-0428
male,472-236-7268
female,863-355-5756
male,472-234-6738
female,472-236-3979
female,986-750-8540
female,984-824-3138
male,986-324-9886
male,857-238-1340
female,781-206-6962
female,472-244-9736
male,985-392-9630
female,472-206-6371
male,870-963-7100
female,973-883-7460
male,850-735-6291
male,952-607-8539
male,971-355-5527
female,678-602-8924
female,689-480-0746
female,878-628-4143
female,872-473-2807
female,563-686-4384
male,980-220-8500
male,870-368-8384
male,781-445-3618
male,279-508-6975
male,472-289-3694
male,980-475-3971
male,971-335-7447
female,989-587-2485
male,956-220-4434
male,472-266-1383
female,472-293-7398
male,872-472-5587
female,870-220-2706
male,472-274-6378
male,980-939-1654
female,980-387-0890
female,472-249-1742
female,762-693-4069
female,970-948-2864
female,863-556-5296
male,980-548-2101
female,986-478-7992
female,979-917-3928
female,980-924-8800
male,478-999-7848
male,472-213-9207
female,878-382-8922
female,878-623-4729
female,472-260-8775
male,678-572-3912
female,985-403-5431
male,678-735-2056
male,848-925-2022
male,878-943-7266
female,678-870-2229
female,986-819-8104
male,660-828-3286
male,978-355-4149
female,472-205-0764
female,689-660-9886
male,989-266-6693
female,786-865-4606
female,472-252-0027
female,989-741-1042
male,865-778-3197
female,984-222-2951
female,860-839-9626
female,760-388-2362
female,986-616-6156
female,585-283-4910
male,878-997-3402
male,872-301-9640
female,870-328-5114
male,985-365-6805
female,972-746-4421
male,970-318-6652
male,878-203-1346
female,984-822-2153
female,863-252-8531
male,985-913-6927
male,472-291-8553
female,505-646-3515
female,472-245-2824
female,845-798-2833
female,786-713-7089
female,984-531-3589
female,760-518-8599
female,680-310-9446
male,870-927-4982
female,472-242-1895
female,472-230-3128
female,760-516-3875
male,743-572-8706
female,472-266-4246
male,989-695-3235
female,971-348-6247
female,860-960-9712
male,472-224-7989
female,472-220-6912
female,870-843-8448
male,971-744-0947
female,878-731-8961
male,878-552-6484
male,763-213-1599
female,865-508-2451
male,774-397-6781
female,863-672-7240
male,689-658-0686
female,680-964-5066
male,870-527-9719
male,971-462-2577
male,678-955-2389
female,870-878-5574
male,770-560-4114
male,472-213-7742
male,472-204-3580
female,980-210-1341
female,979-645-1743
male,283-663-7183
male,971-865-5684
female,484-828-8510
male,971-565-6759
female,472-272-3324
male,940-853-2636
female,680-689-9181
female,989-733-8149
female,980-877-5649
female,970-816-0568
female,330-392-7212
male,860-355-0290
female,865-358-1127
male,472-237-8827
male,472-207-6791
female,986-497-4833
female,971-990-6553
male,870-486-9239
male,989-514-6614
male,973-453-6787
male,472-295-0384
female,985-977-5011
male,472-211-9473
male,586-407-8489
female,989-610-8212
female,472-279-3151
male,472-230-0206
female,505-926-7753
female,872-570-7313
male,760-275-2026
female,838-731-9547
female,872-622-7366
male,472-209-1844
male,945-734-4791
male,979-557-4006
male,820-756-3335
female,989-371-8442
male,472-231-6100
female,681-728-5805
female,979-568-0290
female,985-475-5633
female,678-328-0889
female,769-792-6166
male,985-516-7785
male,989-979-1956
male,472-244-1488
female,870-939-1110
female,862-446-8489
male,472-206-3036
male,505-396-3806
male,972-822-8411
male,781-449-4469
female,954-386-4838
male,978-870-5890
male,865-502-4020
male,864-856-8111
male,843-370-7448
female,774-457-2762
female,872-989-4655
male,832-240-1388
male,472-209-7199
female,878-222-6764
male,472-278-8643
female,984-392-1491
male,870-750-6535
male,472-214-2059
male,472-249-2667
male,959-554-4020
female,472-256-1583
male,472-298-9760
male,985-719-1668
male,505-602-1390
female,984-333-6529
female,956-541-8570
male,986-709-7832
male,989-918-4099
female,989-445-4296
male,472-262-7289
male,986-835-7625
male,989-964-6592
male,472-222-8917
male,940-492-8729
male,985-862-9870
male,985-983-9953
female,430-480-5330
female,505-372-8342
male,786-653-5165
female,952-501-3271
male,945-459-1374
male,472-238-8816
male,978-963-6349
male,973-629-6287
male,945-721-0633
male,863-449-8760
female,472-277-0573
male,279-349-9880
male,762-629-5248
female,774-810-7237
male,660-236-6740
male,757-403-2003
female,865-766-5163
male,770-740-7041
male,472-205-4223
male,779-769-4926
male,863-710-0974
male,863-884-6786
female,661-837-0301
male,986-470-0579
male,505-661-6659
male,864-410-2472
female,689-386-0928
female,656-928-9295
male,859-849-0454
male,786-322-8575
male,951-896-0018
female,925-215-3059
female,786-682-4406
male,970-464-8335
male,973-715-0321
male,682-950-9020
female,781-272-1043
male,984-509-9564
male,870-639-8189
female,943-383-7844
male,864-234-0049
female,985-462-7788
female,940-938-9017
male,472-209-9240
female,472-250-1205
female,472-220-4537
